<Dictionary>
    <Words>
        <Recognized>
               <Word>Asiistech</Word>
               <Word>Y</Word>
               <Word>X</Word>
               <Word>Z</Word>
               <Word>x</Word>
               <Word>y</Word>
               <Word>z</Word>
               <Word>uow</Word>
               <Word>Blubit</Word>
               <Word>Xpo</Word>
               <Word>g</Word>
               <Word>Resupply</Word>
               <Word>dis</Word>
               <Word>Dis</Word>
               <Word>Pdu</Word>
               <Word>pdu</Word>
               <Word>Marshall</Word>
               <Word>marshall</Word>
               <Word>Marshalled</Word>
               <Word>marshalled</Word>
        </Recognized>
    </Words>
</Dictionary>