﻿<?xml version="1.0" encoding="utf-8" ?>
<cet length="64" id="216" cname="eman.aggregate.type.types" name="Aggregate Types" source="11.1.3.3">
  <entity kind="1" domain="1" country="225">
    <category id="0" description="Other"/>
    <category id="1" description="Individual Vehicle"/>
    <category id="2" description="Element"/>
    <category id="3" description="Platoon"/>
    <category id="4" description="Battery"/>
    <category id="5" description="Company"/>
    <category id="6" description="Battalion"/>
    <category id="7" description="Regiment"/>
    <category id="8" description="Brigade"/>
    <category id="9" description="Division"/>
    <category id="10" description="Corps"/>
  </entity>
</cet>